,mpg,cylinders,displacement,weight,acceleration,model_year
mpg,1.0,-0.7753962854205539,-0.8042028248058979,-0.8317409332443344,0.42028891210165054,0.5792671330833092
cylinders,-0.7753962854205539,1.0,0.9507213901392415,0.8960167954533944,-0.5054194890521758,-0.34874579661359445
displacement,-0.8042028248058979,0.9507213901392415,1.0,0.932824146841634,-0.5436840835009299,-0.3701641610793247
weight,-0.8317409332443344,0.8960167954533944,0.932824146841634,1.0,-0.4174573199403932,-0.3065643342832892
acceleration,0.42028891210165054,-0.5054194890521758,-0.5436840835009299,-0.4174573199403932,1.0,0.28813695429949115
model_year,0.5792671330833092,-0.34874579661359445,-0.3701641610793247,-0.3065643342832892,0.28813695429949115,1.0
